ID,Week,Date,Time,Home,Home Score,Away,Away Score,Status,Video
1,1,7/11/2026,12:00 PM,TUR,,SKS,,,
2,1,7/11/2026,12:05 PM,CFC,,LAU,,,
3,1,7/11/2026,12:10 PM,LFC,,NGR,,,
4,2,14/11/2026,12:00 PM,LAU,,TUR,,,
5,2,14/11/2026,12:05 PM,SKS,,NGR,,,
6,2,14/11/2026,12:10 PM,CFC,,LFC,,,
7,3,21/11/2026,12:00 PM,TUR,,NGR,,,
8,3,21/11/2026,12:05 PM,LAU,,LFC,,,
9,3,21/11/2026,12:10 PM,SKS,,CFC,,,
10,4,28/11/2026,12:00 PM,LFC,,TUR,,,
11,4,28/11/2026,12:05 PM,NGR,,CFC,,,
12,4,28/11/2026,12:10 PM,LAU,,SKS,,,
13,5,TBA,,TUR,,CFC,,,
14,5,TBA,,LFC,,SKS,,,
15,5,TBA,,NGR,,LAU,,,
